b'af              Afrikaans'
b'af_NA           Afrikaans (Namibia)'
b'af_ZA           Afrikaans (South Africa)'
b'agq             Aghem'
b'agq_CM          Aghem (Cameroon)'
b'ak              Akan'
b'ak_GH           Akan (Ghana)'
b'am              Amharic'
b'am_ET           Amharic (Ethiopia)'
b'ar              Arabic'
b'ar_001          Arabic (World)'
b'ar_AE           Arabic (United Arab Emirates)'
b'ar_BH           Arabic (Bahrain)'
b'ar_DJ           Arabic (Djibouti)'
b'ar_DZ           Arabic (Algeria)'
b'ar_EG           Arabic (Egypt)'
b'ar_EH           Arabic (Western Sahara)'
b'ar_ER           Arabic (Eritrea)'
b'ar_IL           Arabic (Israel)'
b'ar_IQ           Arabic (Iraq)'
b'ar_JO           Arabic (Jordan)'
b'ar_KM           Arabic (Comoros)'
b'ar_KW           Arabic (Kuwait)'
b'ar_LB           Arabic (Lebanon)'
b'ar_LY           Arabic (Libya)'
b'ar_MA           Arabic (Morocco)'
b'ar_MR           Arabic (Mauritania)'
b'ar_OM           Arabic (Oman)'
b'ar_PS           Arabic (Palestinian Territories)'
b'ar_QA           Arabic (Qatar)'
b'ar_SA           Arabic (Saudi Arabia)'
b'ar_SD           Arabic (Sudan)'
b'ar_SO           Arabic (Somalia)'
b'ar_SS           Arabic (South Sudan)'
b'ar_SY           Arabic (Syria)'
b'ar_TD           Arabic (Chad)'
b'ar_TN           Arabic (Tunisia)'
b'ar_YE           Arabic (Yemen)'
b'as              Assamese'
b'as_IN           Assamese (India)'
b'asa             Asu'
b'asa_TZ          Asu (Tanzania)'
b'ast             Asturian'
b'ast_ES          Asturian (Spain)'
b'az              Azerbaijani'
b'az_Cyrl         Azerbaijani (Cyrillic)'
b'az_Cyrl_AZ      Azerbaijani (Cyrillic, Azerbaijan)'
b'az_Latn         Azerbaijani (Latin)'
b'az_Latn_AZ      Azerbaijani (Latin, Azerbaijan)'
b'bas             Basaa'
b'bas_CM          Basaa (Cameroon)'
b'be              Belarusian'
b'be_BY           Belarusian (Belarus)'
b'bem             Bemba'
b'bem_ZM          Bemba (Zambia)'
b'bez             Bena'
b'bez_TZ          Bena (Tanzania)'
b'bg              Bulgarian'
b'bg_BG           Bulgarian (Bulgaria)'
b'bm              Bambara'
b'bm_ML           Bambara (Mali)'
b'bn              Bangla'
b'bn_BD           Bangla (Bangladesh)'
b'bn_IN           Bangla (India)'
b'bo              Tibetan'
b'bo_CN           Tibetan (China)'
b'bo_IN           Tibetan (India)'
b'br              Breton'
b'br_FR           Breton (France)'
b'brx             Bodo'
b'brx_IN          Bodo (India)'
b'bs              Bosnian'
b'bs_Cyrl         Bosnian (Cyrillic)'
b'bs_Cyrl_BA      Bosnian (Cyrillic, Bosnia & Herzegovina)'
b'bs_Latn         Bosnian (Latin)'
b'bs_Latn_BA      Bosnian (Latin, Bosnia & Herzegovina)'
b'ca              Catalan'
b'ca_AD           Catalan (Andorra)'
b'ca_ES           Catalan (Spain)'
b'ca_ES_VALENCIA  Catalan (Spain, Valencian)'
b'ca_FR           Catalan (France)'
b'ca_IT           Catalan (Italy)'
b'ccp             Chakma'
b'ccp_BD          Chakma (Bangladesh)'
b'ccp_IN          Chakma (India)'
b'ce              Chechen'
b'ce_RU           Chechen (Russia)'
b'ceb             Cebuano'
b'ceb_PH          Cebuano (Philippines)'
b'cgg             Chiga'
b'cgg_UG          Chiga (Uganda)'
b'chr             Cherokee'
b'chr_US          Cherokee (United States)'
b'ckb             Central Kurdish'
b'ckb_IQ          Central Kurdish (Iraq)'
b'ckb_IR          Central Kurdish (Iran)'
b'cs              Czech'
b'cs_CZ           Czech (Czechia)'
b'cu              Church Slavic'
b'cu_RU           Church Slavic (Russia)'
b'cy              Welsh'
b'cy_GB           Welsh (United Kingdom)'
b'da              Danish'
b'da_DK           Danish (Denmark)'
b'da_GL           Danish (Greenland)'
b'dav             Taita'
b'dav_KE          Taita (Kenya)'
b'de              German'
b'de_AT           German (Austria)'
b'de_BE           German (Belgium)'
b'de_CH           German (Switzerland)'
b'de_DE           German (Germany)'
b'de_IT           German (Italy)'
b'de_LI           German (Liechtenstein)'
b'de_LU           German (Luxembourg)'
b'dje             Zarma'
b'dje_NE          Zarma (Niger)'
b'dsb             Lower Sorbian'
b'dsb_DE          Lower Sorbian (Germany)'
b'dua             Duala'
b'dua_CM          Duala (Cameroon)'
b'dyo             Jola-Fonyi'
b'dyo_SN          Jola-Fonyi (Senegal)'
b'dz              Dzongkha'
b'dz_BT           Dzongkha (Bhutan)'
b'ebu             Embu'
b'ebu_KE          Embu (Kenya)'
b'ee              Ewe'
b'ee_GH           Ewe (Ghana)'
b'ee_TG           Ewe (Togo)'
b'el              Greek'
b'el_CY           Greek (Cyprus)'
b'el_GR           Greek (Greece)'
b'en              English'
b'en_001          English (World)'
b'en_150          English (Europe)'
b'en_AE           English (United Arab Emirates)'
b'en_AG           English (Antigua & Barbuda)'
b'en_AI           English (Anguilla)'
b'en_AS           English (American Samoa)'
b'en_AT           English (Austria)'
b'en_AU           English (Australia)'
b'en_BB           English (Barbados)'
b'en_BE           English (Belgium)'
b'en_BI           English (Burundi)'
b'en_BM           English (Bermuda)'
b'en_BS           English (Bahamas)'
b'en_BW           English (Botswana)'
b'en_BZ           English (Belize)'
b'en_CA           English (Canada)'
b'en_CC           English (Cocos (Keeling) Islands)'
b'en_CH           English (Switzerland)'
b'en_CK           English (Cook Islands)'
b'en_CM           English (Cameroon)'
b'en_CX           English (Christmas Island)'
b'en_CY           English (Cyprus)'
b'en_DE           English (Germany)'
b'en_DG           English (Diego Garcia)'
b'en_DK           English (Denmark)'
b'en_DM           English (Dominica)'
b'en_ER           English (Eritrea)'
b'en_FI           English (Finland)'
b'en_FJ           English (Fiji)'
b'en_FK           English (Falkland Islands)'
b'en_FM           English (Micronesia)'
b'en_GB           English (United Kingdom)'
b'en_GD           English (Grenada)'
b'en_GG           English (Guernsey)'
b'en_GH           English (Ghana)'
b'en_GI           English (Gibraltar)'
b'en_GM           English (Gambia)'
b'en_GU           English (Guam)'
b'en_GY           English (Guyana)'
b'en_HK           English (Hong Kong SAR China)'
b'en_IE           English (Ireland)'
b'en_IL           English (Israel)'
b'en_IM           English (Isle of Man)'
b'en_IN           English (India)'
b'en_IO           English (British Indian Ocean Territory)'
b'en_JE           English (Jersey)'
b'en_JM           English (Jamaica)'
b'en_KE           English (Kenya)'
b'en_KI           English (Kiribati)'
b'en_KN           English (St. Kitts & Nevis)'
b'en_KY           English (Cayman Islands)'
b'en_LC           English (St. Lucia)'
b'en_LR           English (Liberia)'
b'en_LS           English (Lesotho)'
b'en_MG           English (Madagascar)'
b'en_MH           English (Marshall Islands)'
b'en_MO           English (Macao SAR China)'
b'en_MP           English (Northern Mariana Islands)'
b'en_MS           English (Montserrat)'
b'en_MT           English (Malta)'
b'en_MU           English (Mauritius)'
b'en_MW           English (Malawi)'
b'en_MY           English (Malaysia)'
b'en_NA           English (Namibia)'
b'en_NF           English (Norfolk Island)'
b'en_NG           English (Nigeria)'
b'en_NL           English (Netherlands)'
b'en_NR           English (Nauru)'
b'en_NU           English (Niue)'
b'en_NZ           English (New Zealand)'
b'en_PG           English (Papua New Guinea)'
b'en_PH           English (Philippines)'
b'en_PK           English (Pakistan)'
b'en_PN           English (Pitcairn Islands)'
b'en_PR           English (Puerto Rico)'
b'en_PW           English (Palau)'
b'en_RW           English (Rwanda)'
b'en_SB           English (Solomon Islands)'
b'en_SC           English (Seychelles)'
b'en_SD           English (Sudan)'
b'en_SE           English (Sweden)'
b'en_SG           English (Singapore)'
b'en_SH           English (St. Helena)'
b'en_SI           English (Slovenia)'
b'en_SL           English (Sierra Leone)'
b'en_SS           English (South Sudan)'
b'en_SX           English (Sint Maarten)'
b'en_SZ           English (Eswatini)'
b'en_TC           English (Turks & Caicos Islands)'
b'en_TK           English (Tokelau)'
b'en_TO           English (Tonga)'
b'en_TT           English (Trinidad & Tobago)'
b'en_TV           English (Tuvalu)'
b'en_TZ           English (Tanzania)'
b'en_UG           English (Uganda)'
b'en_UM           English (U.S. Outlying Islands)'
b'en_US           English (United States)'
b'en_US_POSIX     English (United States, Computer)'
b'en_VC           English (St. Vincent & Grenadines)'
b'en_VG           English (British Virgin Islands)'
b'en_VI           English (U.S. Virgin Islands)'
b'en_VU           English (Vanuatu)'
b'en_WS           English (Samoa)'
b'en_ZA           English (South Africa)'
b'en_ZM           English (Zambia)'
b'en_ZW           English (Zimbabwe)'
b'eo              Esperanto'
b'eo_001          Esperanto (World)'
b'es              Spanish'
b'es_419          Spanish (Latin America)'
b'es_AR           Spanish (Argentina)'
b'es_BO           Spanish (Bolivia)'
b'es_BR           Spanish (Brazil)'
b'es_BZ           Spanish (Belize)'
b'es_CL           Spanish (Chile)'
b'es_CO           Spanish (Colombia)'
b'es_CR           Spanish (Costa Rica)'
b'es_CU           Spanish (Cuba)'
b'es_DO           Spanish (Dominican Republic)'
b'es_EA           Spanish (Ceuta & Melilla)'
b'es_EC           Spanish (Ecuador)'
b'es_ES           Spanish (Spain)'
b'es_GQ           Spanish (Equatorial Guinea)'
b'es_GT           Spanish (Guatemala)'
b'es_HN           Spanish (Honduras)'
b'es_IC           Spanish (Canary Islands)'
b'es_MX           Spanish (Mexico)'
b'es_NI           Spanish (Nicaragua)'
b'es_PA           Spanish (Panama)'
b'es_PE           Spanish (Peru)'
b'es_PH           Spanish (Philippines)'
b'es_PR           Spanish (Puerto Rico)'
b'es_PY           Spanish (Paraguay)'
b'es_SV           Spanish (El Salvador)'
b'es_US           Spanish (United States)'
b'es_UY           Spanish (Uruguay)'
b'es_VE           Spanish (Venezuela)'
b'et              Estonian'
b'et_EE           Estonian (Estonia)'
b'eu              Basque'
b'eu_ES           Basque (Spain)'
b'ewo             Ewondo'
b'ewo_CM          Ewondo (Cameroon)'
b'fa              Persian'
b'fa_AF           Persian (Afghanistan)'
b'fa_IR           Persian (Iran)'
b'ff              Fulah'
b'ff_Latn         Fulah (Latin)'
b'ff_Latn_BF      Fulah (Latin, Burkina Faso)'
b'ff_Latn_CM      Fulah (Latin, Cameroon)'
b'ff_Latn_GH      Fulah (Latin, Ghana)'
b'ff_Latn_GM      Fulah (Latin, Gambia)'
b'ff_Latn_GN      Fulah (Latin, Guinea)'
b'ff_Latn_GW      Fulah (Latin, Guinea-Bissau)'
b'ff_Latn_LR      Fulah (Latin, Liberia)'
b'ff_Latn_MR      Fulah (Latin, Mauritania)'
b'ff_Latn_NE      Fulah (Latin, Niger)'
b'ff_Latn_NG      Fulah (Latin, Nigeria)'
b'ff_Latn_SL      Fulah (Latin, Sierra Leone)'
b'ff_Latn_SN      Fulah (Latin, Senegal)'
b'fi              Finnish'
b'fi_FI           Finnish (Finland)'
b'fil             Filipino'
b'fil_PH          Filipino (Philippines)'
b'fo              Faroese'
b'fo_DK           Faroese (Denmark)'
b'fo_FO           Faroese (Faroe Islands)'
b'fr              French'
b'fr_BE           French (Belgium)'
b'fr_BF           French (Burkina Faso)'
b'fr_BI           French (Burundi)'
b'fr_BJ           French (Benin)'
b'fr_BL           French (St. Barth\xc3\xa9lemy)'
b'fr_CA           French (Canada)'
b'fr_CD           French (Congo - Kinshasa)'
b'fr_CF           French (Central African Republic)'
b'fr_CG           French (Congo - Brazzaville)'
b'fr_CH           French (Switzerland)'
b'fr_CI           French (C\xc3\xb4te d\xe2\x80\x99Ivoire)'
b'fr_CM           French (Cameroon)'
b'fr_DJ           French (Djibouti)'
b'fr_DZ           French (Algeria)'
b'fr_FR           French (France)'
b'fr_GA           French (Gabon)'
b'fr_GF           French (French Guiana)'
b'fr_GN           French (Guinea)'
b'fr_GP           French (Guadeloupe)'
b'fr_GQ           French (Equatorial Guinea)'
b'fr_HT           French (Haiti)'
b'fr_KM           French (Comoros)'
b'fr_LU           French (Luxembourg)'
b'fr_MA           French (Morocco)'
b'fr_MC           French (Monaco)'
b'fr_MF           French (St. Martin)'
b'fr_MG           French (Madagascar)'
b'fr_ML           French (Mali)'
b'fr_MQ           French (Martinique)'
b'fr_MR           French (Mauritania)'
b'fr_MU           French (Mauritius)'
b'fr_NC           French (New Caledonia)'
b'fr_NE           French (Niger)'
b'fr_PF           French (French Polynesia)'
b'fr_PM           French (St. Pierre & Miquelon)'
b'fr_RE           French (R\xc3\xa9union)'
b'fr_RW           French (Rwanda)'
b'fr_SC           French (Seychelles)'
b'fr_SN           French (Senegal)'
b'fr_SY           French (Syria)'
b'fr_TD           French (Chad)'
b'fr_TG           French (Togo)'
b'fr_TN           French (Tunisia)'
b'fr_VU           French (Vanuatu)'
b'fr_WF           French (Wallis & Futuna)'
b'fr_YT           French (Mayotte)'
b'fur             Friulian'
b'fur_IT          Friulian (Italy)'
b'fy              Western Frisian'
b'fy_NL           Western Frisian (Netherlands)'
b'ga              Irish'
b'ga_IE           Irish (Ireland)'
b'gd              Scottish Gaelic'
b'gd_GB           Scottish Gaelic (United Kingdom)'
b'gl              Galician'
b'gl_ES           Galician (Spain)'
b'gsw             Swiss German'
b'gsw_CH          Swiss German (Switzerland)'
b'gsw_FR          Swiss German (France)'
b'gsw_LI          Swiss German (Liechtenstein)'
b'gu              Gujarati'
b'gu_IN           Gujarati (India)'
b'guz             Gusii'
b'guz_KE          Gusii (Kenya)'
b'gv              Manx'
b'gv_IM           Manx (Isle of Man)'
b'ha              Hausa'
b'ha_GH           Hausa (Ghana)'
b'ha_NE           Hausa (Niger)'
b'ha_NG           Hausa (Nigeria)'
b'haw             Hawaiian'
b'haw_US          Hawaiian (United States)'
b'he              Hebrew'
b'he_IL           Hebrew (Israel)'
b'hi              Hindi'
b'hi_IN           Hindi (India)'
b'hr              Croatian'
b'hr_BA           Croatian (Bosnia & Herzegovina)'
b'hr_HR           Croatian (Croatia)'
b'hsb             Upper Sorbian'
b'hsb_DE          Upper Sorbian (Germany)'
b'hu              Hungarian'
b'hu_HU           Hungarian (Hungary)'
b'hy              Armenian'
b'hy_AM           Armenian (Armenia)'
b'ia              Interlingua'
b'ia_001          Interlingua (World)'
b'id              Indonesian'
b'id_ID           Indonesian (Indonesia)'
b'ig              Igbo'
b'ig_NG           Igbo (Nigeria)'
b'ii              Sichuan Yi'
b'ii_CN           Sichuan Yi (China)'
b'is              Icelandic'
b'is_IS           Icelandic (Iceland)'
b'it              Italian'
b'it_CH           Italian (Switzerland)'
b'it_IT           Italian (Italy)'
b'it_SM           Italian (San Marino)'
b'it_VA           Italian (Vatican City)'
b'ja              Japanese'
b'ja_JP           Japanese (Japan)'
b'jgo             Ngomba'
b'jgo_CM          Ngomba (Cameroon)'
b'jmc             Machame'
b'jmc_TZ          Machame (Tanzania)'
b'jv              Javanese'
b'jv_ID           Javanese (Indonesia)'
b'ka              Georgian'
b'ka_GE           Georgian (Georgia)'
b'kab             Kabyle'
b'kab_DZ          Kabyle (Algeria)'
b'kam             Kamba'
b'kam_KE          Kamba (Kenya)'
b'kde             Makonde'
b'kde_TZ          Makonde (Tanzania)'
b'kea             Kabuverdianu'
b'kea_CV          Kabuverdianu (Cape Verde)'
b'khq             Koyra Chiini'
b'khq_ML          Koyra Chiini (Mali)'
b'ki              Kikuyu'
b'ki_KE           Kikuyu (Kenya)'
b'kk              Kazakh'
b'kk_KZ           Kazakh (Kazakhstan)'
b'kkj             Kako'
b'kkj_CM          Kako (Cameroon)'
b'kl              Kalaallisut'
b'kl_GL           Kalaallisut (Greenland)'
b'kln             Kalenjin'
b'kln_KE          Kalenjin (Kenya)'
b'km              Khmer'
b'km_KH           Khmer (Cambodia)'
b'kn              Kannada'
b'kn_IN           Kannada (India)'
b'ko              Korean'
b'ko_KP           Korean (North Korea)'
b'ko_KR           Korean (South Korea)'
b'kok             Konkani'
b'kok_IN          Konkani (India)'
b'ks              Kashmiri'
b'ks_IN           Kashmiri (India)'
b'ksb             Shambala'
b'ksb_TZ          Shambala (Tanzania)'
b'ksf             Bafia'
b'ksf_CM          Bafia (Cameroon)'
b'ksh             Colognian'
b'ksh_DE          Colognian (Germany)'
b'ku              Kurdish'
b'ku_TR           Kurdish (Turkey)'
b'kw              Cornish'
b'kw_GB           Cornish (United Kingdom)'
b'ky              Kyrgyz'
b'ky_KG           Kyrgyz (Kyrgyzstan)'
b'lag             Langi'
b'lag_TZ          Langi (Tanzania)'
b'lb              Luxembourgish'
b'lb_LU           Luxembourgish (Luxembourg)'
b'lg              Ganda'
b'lg_UG           Ganda (Uganda)'
b'lkt             Lakota'
b'lkt_US          Lakota (United States)'
b'ln              Lingala'
b'ln_AO           Lingala (Angola)'
b'ln_CD           Lingala (Congo - Kinshasa)'
b'ln_CF           Lingala (Central African Republic)'
b'ln_CG           Lingala (Congo - Brazzaville)'
b'lo              Lao'
b'lo_LA           Lao (Laos)'
b'lrc             Northern Luri'
b'lrc_IQ          Northern Luri (Iraq)'
b'lrc_IR          Northern Luri (Iran)'
b'lt              Lithuanian'
b'lt_LT           Lithuanian (Lithuania)'
b'lu              Luba-Katanga'
b'lu_CD           Luba-Katanga (Congo - Kinshasa)'
b'luo             Luo'
b'luo_KE          Luo (Kenya)'
b'luy             Luyia'
b'luy_KE          Luyia (Kenya)'
b'lv              Latvian'
b'lv_LV           Latvian (Latvia)'
b'mas             Masai'
b'mas_KE          Masai (Kenya)'
b'mas_TZ          Masai (Tanzania)'
b'mer             Meru'
b'mer_KE          Meru (Kenya)'
b'mfe             Morisyen'
b'mfe_MU          Morisyen (Mauritius)'
b'mg              Malagasy'
b'mg_MG           Malagasy (Madagascar)'
b'mgh             Makhuwa-Meetto'
b'mgh_MZ          Makhuwa-Meetto (Mozambique)'
b'mgo             Meta\xca\xbc'
b'mgo_CM          Meta\xca\xbc (Cameroon)'
b'mi              Maori'
b'mi_NZ           Maori (New Zealand)'
b'mk              Macedonian'
b'mk_MK           Macedonian (North Macedonia)'
b'ml              Malayalam'
b'ml_IN           Malayalam (India)'
b'mn              Mongolian'
b'mn_MN           Mongolian (Mongolia)'
b'mr              Marathi'
b'mr_IN           Marathi (India)'
b'ms              Malay'
b'ms_BN           Malay (Brunei)'
b'ms_MY           Malay (Malaysia)'
b'ms_SG           Malay (Singapore)'
b'mt              Maltese'
b'mt_MT           Maltese (Malta)'
b'mua             Mundang'
b'mua_CM          Mundang (Cameroon)'
b'my              Burmese'
b'my_MM           Burmese (Myanmar (Burma))'
b'mzn             Mazanderani'
b'mzn_IR          Mazanderani (Iran)'
b'naq             Nama'
b'naq_NA          Nama (Namibia)'
b'nb              Norwegian Bokm\xc3\xa5l'
b'nb_NO           Norwegian Bokm\xc3\xa5l (Norway)'
b'nb_SJ           Norwegian Bokm\xc3\xa5l (Svalbard & Jan Mayen)'
b'nd              North Ndebele'
b'nd_ZW           North Ndebele (Zimbabwe)'
b'nds             Low German'
b'nds_DE          Low German (Germany)'
b'nds_NL          Low German (Netherlands)'
b'ne              Nepali'
b'ne_IN           Nepali (India)'
b'ne_NP           Nepali (Nepal)'
b'nl              Dutch'
b'nl_AW           Dutch (Aruba)'
b'nl_BE           Dutch (Belgium)'
b'nl_BQ           Dutch (Caribbean Netherlands)'
b'nl_CW           Dutch (Cura\xc3\xa7ao)'
b'nl_NL           Dutch (Netherlands)'
b'nl_SR           Dutch (Suriname)'
b'nl_SX           Dutch (Sint Maarten)'
b'nmg             Kwasio'
b'nmg_CM          Kwasio (Cameroon)'
b'nn              Norwegian Nynorsk'
b'nn_NO           Norwegian Nynorsk (Norway)'
b'nnh             Ngiemboon'
b'nnh_CM          Ngiemboon (Cameroon)'
b'nus             Nuer'
b'nus_SS          Nuer (South Sudan)'
b'nyn             Nyankole'
b'nyn_UG          Nyankole (Uganda)'
b'om              Oromo'
b'om_ET           Oromo (Ethiopia)'
b'om_KE           Oromo (Kenya)'
b'or              Odia'
b'or_IN           Odia (India)'
b'os              Ossetic'
b'os_GE           Ossetic (Georgia)'
b'os_RU           Ossetic (Russia)'
b'pa              Punjabi'
b'pa_Arab         Punjabi (Arabic)'
b'pa_Arab_PK      Punjabi (Arabic, Pakistan)'
b'pa_Guru         Punjabi (Gurmukhi)'
b'pa_Guru_IN      Punjabi (Gurmukhi, India)'
b'pl              Polish'
b'pl_PL           Polish (Poland)'
b'prg             Prussian'
b'prg_001         Prussian (World)'
b'ps              Pashto'
b'ps_AF           Pashto (Afghanistan)'
b'ps_PK           Pashto (Pakistan)'
b'pt              Portuguese'
b'pt_AO           Portuguese (Angola)'
b'pt_BR           Portuguese (Brazil)'
b'pt_CH           Portuguese (Switzerland)'
b'pt_CV           Portuguese (Cape Verde)'
b'pt_GQ           Portuguese (Equatorial Guinea)'
b'pt_GW           Portuguese (Guinea-Bissau)'
b'pt_LU           Portuguese (Luxembourg)'
b'pt_MO           Portuguese (Macao SAR China)'
b'pt_MZ           Portuguese (Mozambique)'
b'pt_PT           Portuguese (Portugal)'
b'pt_ST           Portuguese (S\xc3\xa3o Tom\xc3\xa9 & Pr\xc3\xadncipe)'
b'pt_TL           Portuguese (Timor-Leste)'
b'qu              Quechua'
b'qu_BO           Quechua (Bolivia)'
b'qu_EC           Quechua (Ecuador)'
b'qu_PE           Quechua (Peru)'
b'rm              Romansh'
b'rm_CH           Romansh (Switzerland)'
b'rn              Rundi'
b'rn_BI           Rundi (Burundi)'
b'ro              Romanian'
b'ro_MD           Romanian (Moldova)'
b'ro_RO           Romanian (Romania)'
b'rof             Rombo'
b'rof_TZ          Rombo (Tanzania)'
b'ru              Russian'
b'ru_BY           Russian (Belarus)'
b'ru_KG           Russian (Kyrgyzstan)'
b'ru_KZ           Russian (Kazakhstan)'
b'ru_MD           Russian (Moldova)'
b'ru_RU           Russian (Russia)'
b'ru_UA           Russian (Ukraine)'
b'rw              Kinyarwanda'
b'rw_RW           Kinyarwanda (Rwanda)'
b'rwk             Rwa'
b'rwk_TZ          Rwa (Tanzania)'
b'sah             Sakha'
b'sah_RU          Sakha (Russia)'
b'saq             Samburu'
b'saq_KE          Samburu (Kenya)'
b'sbp             Sangu'
b'sbp_TZ          Sangu (Tanzania)'
b'sd              Sindhi'
b'sd_PK           Sindhi (Pakistan)'
b'se              Northern Sami'
b'se_FI           Northern Sami (Finland)'
b'se_NO           Northern Sami (Norway)'
b'se_SE           Northern Sami (Sweden)'
b'seh             Sena'
b'seh_MZ          Sena (Mozambique)'
b'ses             Koyraboro Senni'
b'ses_ML          Koyraboro Senni (Mali)'
b'sg              Sango'
b'sg_CF           Sango (Central African Republic)'
b'shi             Tachelhit'
b'shi_Latn        Tachelhit (Latin)'
b'shi_Latn_MA     Tachelhit (Latin, Morocco)'
b'shi_Tfng        Tachelhit (Tifinagh)'
b'shi_Tfng_MA     Tachelhit (Tifinagh, Morocco)'
b'si              Sinhala'
b'si_LK           Sinhala (Sri Lanka)'
b'sk              Slovak'
b'sk_SK           Slovak (Slovakia)'
b'sl              Slovenian'
b'sl_SI           Slovenian (Slovenia)'
b'smn             Inari Sami'
b'smn_FI          Inari Sami (Finland)'
b'sn              Shona'
b'sn_ZW           Shona (Zimbabwe)'
b'so              Somali'
b'so_DJ           Somali (Djibouti)'
b'so_ET           Somali (Ethiopia)'
b'so_KE           Somali (Kenya)'
b'so_SO           Somali (Somalia)'
b'sq              Albanian'
b'sq_AL           Albanian (Albania)'
b'sq_MK           Albanian (North Macedonia)'
b'sq_XK           Albanian (Kosovo)'
b'sr              Serbian'
b'sr_Cyrl         Serbian (Cyrillic)'
b'sr_Cyrl_BA      Serbian (Cyrillic, Bosnia & Herzegovina)'
b'sr_Cyrl_ME      Serbian (Cyrillic, Montenegro)'
b'sr_Cyrl_RS      Serbian (Cyrillic, Serbia)'
b'sr_Cyrl_XK      Serbian (Cyrillic, Kosovo)'
b'sr_Latn         Serbian (Latin)'
b'sr_Latn_BA      Serbian (Latin, Bosnia & Herzegovina)'
b'sr_Latn_ME      Serbian (Latin, Montenegro)'
b'sr_Latn_RS      Serbian (Latin, Serbia)'
b'sr_Latn_XK      Serbian (Latin, Kosovo)'
b'sv              Swedish'
b'sv_AX           Swedish (\xc3\x85land Islands)'
b'sv_FI           Swedish (Finland)'
b'sv_SE           Swedish (Sweden)'
b'sw              Swahili'
b'sw_CD           Swahili (Congo - Kinshasa)'
b'sw_KE           Swahili (Kenya)'
b'sw_TZ           Swahili (Tanzania)'
b'sw_UG           Swahili (Uganda)'
b'ta              Tamil'
b'ta_IN           Tamil (India)'
b'ta_LK           Tamil (Sri Lanka)'
b'ta_MY           Tamil (Malaysia)'
b'ta_SG           Tamil (Singapore)'
b'te              Telugu'
b'te_IN           Telugu (India)'
b'teo             Teso'
b'teo_KE          Teso (Kenya)'
b'teo_UG          Teso (Uganda)'
b'tg              Tajik'
b'tg_TJ           Tajik (Tajikistan)'
b'th              Thai'
b'th_TH           Thai (Thailand)'
b'ti              Tigrinya'
b'ti_ER           Tigrinya (Eritrea)'
b'ti_ET           Tigrinya (Ethiopia)'
b'tk              Turkmen'
b'tk_TM           Turkmen (Turkmenistan)'
b'to              Tongan'
b'to_TO           Tongan (Tonga)'
b'tr              Turkish'
b'tr_CY           Turkish (Cyprus)'
b'tr_TR           Turkish (Turkey)'
b'tt              Tatar'
b'tt_RU           Tatar (Russia)'
b'twq             Tasawaq'
b'twq_NE          Tasawaq (Niger)'
b'tzm             Central Atlas Tamazight'
b'tzm_MA          Central Atlas Tamazight (Morocco)'
b'ug              Uyghur'
b'ug_CN           Uyghur (China)'
b'uk              Ukrainian'
b'uk_UA           Ukrainian (Ukraine)'
b'ur              Urdu'
b'ur_IN           Urdu (India)'
b'ur_PK           Urdu (Pakistan)'
b'uz              Uzbek'
b'uz_Arab         Uzbek (Arabic)'
b'uz_Arab_AF      Uzbek (Arabic, Afghanistan)'
b'uz_Cyrl         Uzbek (Cyrillic)'
b'uz_Cyrl_UZ      Uzbek (Cyrillic, Uzbekistan)'
b'uz_Latn         Uzbek (Latin)'
b'uz_Latn_UZ      Uzbek (Latin, Uzbekistan)'
b'vai             Vai'
b'vai_Latn        Vai (Latin)'
b'vai_Latn_LR     Vai (Latin, Liberia)'
b'vai_Vaii        Vai (Vai)'
b'vai_Vaii_LR     Vai (Vai, Liberia)'
b'vi              Vietnamese'
b'vi_VN           Vietnamese (Vietnam)'
b'vo              Volap\xc3\xbck'
b'vo_001          Volap\xc3\xbck (World)'
b'vun             Vunjo'
b'vun_TZ          Vunjo (Tanzania)'
b'wae             Walser'
b'wae_CH          Walser (Switzerland)'
b'wo              Wolof'
b'wo_SN           Wolof (Senegal)'
b'xh              Xhosa'
b'xh_ZA           Xhosa (South Africa)'
b'xog             Soga'
b'xog_UG          Soga (Uganda)'
b'yav             Yangben'
b'yav_CM          Yangben (Cameroon)'
b'yi              Yiddish'
b'yi_001          Yiddish (World)'
b'yo              Yoruba'
b'yo_BJ           Yoruba (Benin)'
b'yo_NG           Yoruba (Nigeria)'
b'yue             Cantonese'
b'yue_Hans        Cantonese (Simplified)'
b'yue_Hans_CN     Cantonese (Simplified, China)'
b'yue_Hant        Cantonese (Traditional)'
b'yue_Hant_HK     Cantonese (Traditional, Hong Kong SAR China)'
b'zgh             Standard Moroccan Tamazight'
b'zgh_MA          Standard Moroccan Tamazight (Morocco)'
b'zh              Chinese'
b'zh_Hans         Chinese (Simplified)'
b'zh_Hans_CN      Chinese (Simplified, China)'
b'zh_Hans_HK      Chinese (Simplified, Hong Kong SAR China)'
b'zh_Hans_MO      Chinese (Simplified, Macao SAR China)'
b'zh_Hans_SG      Chinese (Simplified, Singapore)'
b'zh_Hant         Chinese (Traditional)'
b'zh_Hant_HK      Chinese (Traditional, Hong Kong SAR China)'
b'zh_Hant_MO      Chinese (Traditional, Macao SAR China)'
b'zh_Hant_TW      Chinese (Traditional, Taiwan)'
b'zu              Zulu'
b'zu_ZA           Zulu (South Africa)'
